"C:\xampp\htdocs\cadviewer\\\content\drawings\dwg\hq17_.dwg",Conversion to SVG,0.206,7140 Kb
"C:\xampp\htdocs\cadviewer\\\content\drawings\dwg\hq17_.dwg",Conversion to SVG,0.214,6992 Kb
"C:\xampp\htdocs\cadviewer\\\content\drawings\dwg\hq17_.dwg",Conversion to SVG,0.738,6884 Kb
"C:\xampp\htdocs\cadviewer\\\content\drawings\dwg\hq17_.dwg",Conversion to SVG,0.244,7060 Kb
"C:\xampp\htdocs\cadviewer\\\content\drawings\dwg\hq17_.dwg",Conversion to SVG,0.268,6916 Kb
"C:\xampp\htdocs\cadviewer\\\content\drawings\dwg\hq17_.dwg",Conversion to SVG,0.307,7708 Kb
"C:\xampp\htdocs\cadviewer\\\content\drawings\dwg\hq17_.dwg",Conversion to SVG,0.189,6908 Kb
"C:\xampp\htdocs\cadviewer\\\content\drawings\dwg\hq17_.dwg",Conversion to SVG,0.197,7676 Kb
"C:\xampp\htdocs\cadviewer\\\content\drawings\dwg\hq17_.dwg",Conversion to SVG,0.18,7104 Kb
"C:\xampp\htdocs\cadviewer\\\content\drawings\dwg\hq17_.dwg",Conversion to SVG,0.209,7404 Kb
"C:\xampp\htdocs\cadviewer\\\content\drawings\dwg\hq17_.dwg",Conversion to SVG,0.283,6924 Kb
"C:\xampp\htdocs\cadviewer\\\content\drawings\dwg\hq17_.dwg",Conversion to SVG,0.253,7112 Kb
"C:\xampp\htdocs\cadviewer\\\content\drawings\dwg\hq17_.dwg",Conversion to SVG,0.218,7348 Kb
"C:\xampp\htdocs\cadviewer\\\content\drawings\dwg\hq17_.dwg",Conversion to SVG,0.166,6752 Kb
"C:\xampp\htdocs\cadviewer\\\content\drawings\dwg\hq17_.dwg",Conversion to SVG,0.193,6588 Kb
"C:\xampp\htdocs\cadviewer\\\content\drawings\dwg\hq17_.dwg",Conversion to SVG,0.255,6824 Kb
"C:\xampp\htdocs\cadviewer\\\content\drawings\dwg\hq17_.dwg",Conversion to SVG,0.449,6972 Kb
"C:\xampp\htdocs\cadviewer\\\content\drawings\dwg\hq17_.dwg",Conversion to SVG,0.254,7244 Kb
"C:\xampp\htdocs\cadviewer\\\content\drawings\dwg\hq17_.dwg",Conversion to SVG,0.219,7408 Kb
"C:\xampp\htdocs\cadviewer\\\content\drawings\dwg\hq17_.dwg",Conversion to SVG,0.275,7060 Kb
"C:\xampp\htdocs\cadviewer\\\content\drawings\dwg\hq17_.dwg",Conversion to SVG,0.311,7712 Kb
"C:\xampp\htdocs\cadviewer\\\content\drawings\dwg\hq17_.dwg",Conversion to SVG,0.229,6940 Kb
"C:\xampp\htdocs\cadviewer\\\content\drawings\dwg\hq17_.dwg",Conversion to SVG,0.284,6692 Kb
"C:\xampp\htdocs\cadviewer\\\content\drawings\dwg\hq17_.dwg",Conversion to SVG,0.381,6892 Kb
"C:\xampp\htdocs\cadviewer\\\content\drawings\dwg\hq17_.dwg",Conversion to SVG,0.535,6900 Kb
"C:\xampp\htdocs\cadviewer\\\content\drawings\dwg\hq17_.dwg",Conversion to SVG,0.173,7136 Kb
"C:\xampp\htdocs\cadviewer\\\content\drawings\dwg\hq17_.dwg",Conversion to SVG,0.207,6796 Kb
"C:\xampp\htdocs\cadviewer\\\content\drawings\dwg\hq17_.dwg",Conversion to SVG,0.157,7224 Kb
"C:\xampp\htdocs\cadviewer\\\content\drawings\dwg\hq17_.dwg",Conversion to SVG,0.113,7108 Kb
"C:\xampp\htdocs\cadviewer\\\content\drawings\dwg\hq17_.dwg",Conversion to SVG,0.247,7504 Kb
"C:\xampp\htdocs\cadviewer\\\content\drawings\dwg\hq17_.dwg",Conversion to SVG,0.319,7132 Kb
"C:\xampp\htdocs\cadviewer\\\content\drawings\dwg\hq17_.dwg",Conversion to SVG,0.112,7236 Kb
"C:\xampp\htdocs\cadviewer\\\content\drawings\dwg\hq17_.dwg",Conversion to SVG,0.102,6876 Kb
"C:\xampp\htdocs\cadviewer\\\content\drawings\dwg\hq17_.dwg",Conversion to SVG,0.273,7356 Kb
"C:\xampp\htdocs\cadviewer\\\content\drawings\dwg\hq17_.dwg",Conversion to SVG,0.115,7380 Kb
"C:\xampp\htdocs\cadviewer\\\content\drawings\dwg\hq17_.dwg",Conversion to SVG,0.342,6920 Kb
"C:\xampp\htdocs\cadviewer\\\content\drawings\dwg\hq17_.dwg",Conversion to SVG,0.367,7284 Kb
"C:\xampp\htdocs\cadviewer\\\content\drawings\dwg\hq17_.dwg",Conversion to SVG,0.14,7392 Kb
"C:\xampp\htdocs\cadviewer\\\content\drawings\dwg\hq17_.dwg",Conversion to SVG,0.185,6692 Kb
"C:\xampp\htdocs\cadviewer\\\content\drawings\dwg\hq17_.dwg",Conversion to SVG,0.124,7052 Kb
"C:\xampp\htdocs\cadviewer\\\content\drawings\dwg\hq17_.dwg",Conversion to SVG,0.349,6960 Kb
"C:\xampp\htdocs\cadviewer\\\content\drawings\dwg\hq17_.dwg",Conversion to SVG,0.058,6128 Kb
"C:\xampp\htdocs\cadviewer\\\content\drawings\dwg\hq17_.dwg",Conversion to SVG,0.097,7060 Kb
"C:\xampp\htdocs\cadviewer\\content\drawings\dwg\1st floor lighting.dwg",Conversion to SVG,0.306,11664 Kb
"C:\xampp\htdocs\cadviewer\\content\drawings\dwg\1st floor lighting.dwg",Conversion to SVG,0.275,10228 Kb
"C:\xampp\htdocs\cadviewer\\content\drawings\dwg\1st floor lighting.dwg",Conversion to SVG,0.257,10040 Kb
"C:\xampp\htdocs\cadviewer\\content\drawings\dwg\1st floor lighting.dwg",Conversion to SVG,0.275,12400 Kb
"C:\xampp\htdocs\cadviewer\\content\drawings\dwg\Asbestos_drawing_01.dwg",Conversion to SVG,0.327,9156 Kb
"C:\xampp\htdocs\cadviewer\\content\drawings\dwg\Asbestos_drawing_01.dwg",Conversion to SVG,0.62,11404 Kb
"C:\xampp\htdocs\cadviewer\\content\drawings\dwg\City_map.dwg",Conversion to SVG,0.387,7552 Kb
"C:\xampp\htdocs\cadviewer\\content\drawings\dwg\City_map.dwg",Conversion to SVG,2.426,25020 Kb
"C:\xampp\htdocs\cadviewer\\\content\drawings\dwg\hq17_.dwg",Conversion to SVG,0.153,7300 Kb
"C:\xampp\htdocs\cadviewer\\content\drawings\dwg\Hospital 1.dwg",Conversion to SVG,0.314,9748 Kb
"C:\xampp\htdocs\cadviewer\\content\drawings\dwg\Hospital 1.dwg",Conversion to SVG,0.289,9488 Kb
"C:\xampp\htdocs\cadviewer\\content\drawings\dwg\Hospital 1.dwg",Conversion to SVG,0.276,9800 Kb
"C:\xampp\htdocs\cadviewer\\content\drawings\dwg\Hospital 1.dwg",Conversion to SVG,0.921,8592 Kb
"C:\xampp\htdocs\cadviewer\\\content\drawings\dwg\hq17_.dwg",Conversion to SVG,0.123,6944 Kb
"C:\xampp\htdocs\cadviewer\\\content\drawings\dwg\hq17_.dwg",Conversion to SVG,0.038,5548 Kb
"C:\xampp\htdocs\cadviewer\\\content\drawings\dwg\hq17_.dwg",Conversion to SVG,0.102,7052 Kb
"C:\xampp\htdocs\cadviewer\\content\drawings\dwg\1st floor lighting.dwg",Conversion to SVG,0.22,9468 Kb
"C:\xampp\htdocs\cadviewer\\content\drawings\dwg\1st floor lighting.dwg",Conversion to SVG,0.242,9324 Kb
"C:\xampp\htdocs\cadviewer\\\content\drawings\dwg\hq17_.dwg",Conversion to SVG,0.106,7188 Kb
"C:\xampp\htdocs\cadviewer\\content\drawings\dwg\1st floor architectural.dwg",Conversion to SVG,0.336,11964 Kb
"C:\xampp\htdocs\cadviewer\\content\drawings\dwg\1st floor architectural.dwg",Conversion to SVG,0.359,11880 Kb
"C:\xampp\htdocs\cadviewer\\content\drawings\dwg\1st floor architectural.dwg",Conversion to SVG,0.351,13152 Kb
"C:\xampp\htdocs\cadviewer\\content\drawings\dwg\1st floor architectural.dwg",Conversion to SVG,0.345,11008 Kb
"C:\xampp\htdocs\cadviewer\\content\drawings\dwg\Asbestos_drawing_01.dwg",Conversion to SVG,0.285,8488 Kb
"C:\xampp\htdocs\cadviewer\\content\drawings\dwg\Asbestos_drawing_01.dwg",Conversion to SVG,0.591,11364 Kb
"C:\xampp\htdocs\cadviewer\\content\drawings\dwg\Asbestos_drawing_01.dwg",Conversion to SVG,0.275,8948 Kb
"C:\xampp\htdocs\cadviewer\\content\drawings\dwg\Asbestos_drawing_01.dwg",Conversion to SVG,0.265,9384 Kb
"C:\xampp\htdocs\cadviewer\\\content\drawings\dwg\hq17_.dwg",Conversion to SVG,0.114,7308 Kb
"C:\xampp\htdocs\cadviewer\\\content\drawings\dwg\hq17_.dwg",Conversion to SVG,0.116,7112 Kb
"C:\xampp\htdocs\cadviewer\\\content\drawings\dwg\hq17_.dwg",Conversion to SVG,0.119,7144 Kb
"C:\xampp\htdocs\cadviewer\\\content\drawings\dwg\hq17_.dwg",Conversion to SVG,1.236,17476 Kb
"C:\xampp\htdocs\cadviewer\\\content\drawings\dwg\hq17_.dwg",Conversion to SVG,0.112,7188 Kb
"C:\xampp\htdocs\cadviewer\\content\drawings\dwg\ce.dxf",Conversion to SVG,0.033,4488 Kb
"C:\xampp\htdocs\cadviewer\\\content\drawings\dwg\hq17_.dwg",Conversion to SVG,0.108,6532 Kb
"C:\xampp\htdocs\cadviewer\\\content\drawings\dwg\hq17_.dwg",Conversion to SVG,0.098,6384 Kb
"C:\xampp\htdocs\cadviewer\\\content\drawings\dwg\hq17_.dwg",Conversion to SVG,0.143,6792 Kb
"C:\xampp\htdocs\cadviewer\\\content\drawings\dwg\hq17_.dwg",Conversion to SVG,0.122,6656 Kb
"C:\xampp\htdocs\cadviewer\\\content\drawings\dwg\hq17_.dwg",Conversion to SVG,0.114,7044 Kb
"C:\xampp\htdocs\cadviewer\\\content\drawings\dwg\hq17_.dwg",Conversion to SVG,0.158,7020 Kb
"C:\xampp\htdocs\cadviewer\\\content\drawings\dwg\hq17_.dwg",Conversion to SVG,0.131,6856 Kb
"C:\xampp\htdocs\cadviewer\\\content\drawings\dwg\hq17_.dwg",Conversion to SVG,0.112,7676 Kb
"C:\xampp\htdocs\cadviewer\\\content\drawings\dwg\hq17_.dwg",Conversion to SVG,0.323,6428 Kb
"C:\xampp\htdocs\cadviewer\\\content\drawings\dwg\hq17_.dwg",Conversion to SVG,0.468,7136 Kb
"C:\xampp\htdocs\cadviewer\\\content\drawings\dwg\hq17_.dwg",Conversion to SVG,0.162,7204 Kb
"C:\xampp\htdocs\cadviewer\\\content\drawings\dwg\hq17_.dwg",Conversion to SVG,0.119,6932 Kb
"C:\xampp\htdocs\cadviewer\\\content\drawings\dwg\hq17_.dwg",Conversion to SVG,0.183,7028 Kb
"C:\xampp\htdocs\cadviewer\\\content\drawings\dwg\hq17_.dwg",Conversion to SVG,0.381,6864 Kb
"C:\xampp\htdocs\cadviewer\\\content\drawings\dwg\hq17_.dwg",Conversion to SVG,0.127,7556 Kb
"C:\xampp\htdocs\cadviewer\\\content\drawings\dwg\hq17_.dwg",Conversion to SVG,0.213,6492 Kb
"C:\xampp\htdocs\cadviewer\\\content\drawings\dwg\hq17_.dwg",Conversion to SVG,0.297,7916 Kb
"C:\xampp\htdocs\cadviewer\\\content\drawings\dwg\hq17_.dwg",Conversion to SVG,0.11,6380 Kb
"C:\xampp\htdocs\cadviewer\\\content\drawings\dwg\hq17_.dwg",Conversion to SVG,0.116,7672 Kb
"C:\xampp\htdocs\cadviewer\\\content\drawings\dwg\hq17_.dwg",Conversion to SVG,0.113,6880 Kb
"C:\xampp\htdocs\cadviewer\\\content\drawings\dwg\hq17_.dwg",Conversion to SVG,0.169,7308 Kb
"C:\xampp\htdocs\cadviewer\\\content\drawings\dwg\hq17_.dwg",Conversion to SVG,0.29,6592 Kb
"C:\xampp\htdocs\cadviewer\\\content\drawings\dwg\hq17_.dwg",Conversion to SVG,0.107,6468 Kb
"C:\xampp\htdocs\cadviewer\\\content\drawings\dwg\hq17_.dwg",Conversion to SVG,0.296,8720 Kb
"C:\xampp\htdocs\cadviewer\\\content\drawings\dwg\hq17_.dwg",Conversion to SVG,0.149,6648 Kb
"C:\xampp\htdocs\cadviewer\\\content\drawings\dwg\hq17_.dwg",Conversion to SVG,0.263,8812 Kb
"C:\xampp\htdocs\cadviewer\\\content\drawings\dwg\hq17_.dwg",Conversion to SVG,0.11,7116 Kb
"C:\xampp\htdocs\cadviewer\\\content\drawings\dwg\hq17_.dwg",Conversion to SVG,0.107,7684 Kb
"C:\xampp\htdocs\cadviewer\\\content\drawings\dwg\hq17_.dwg",Conversion to SVG,0.301,9788 Kb
"C:\xampp\htdocs\cadviewer\\\content\drawings\dwg\hq17_.dwg",Conversion to SVG,0.135,7444 Kb
"C:\xampp\htdocs\cadviewer\\\content\drawings\dwg\hq17_.dwg",Conversion to SVG,0.262,8720 Kb
"C:\xampp\htdocs\cadviewer\\\content\drawings\dwg\hq17_.dwg",Conversion to SVG,0.236,9676 Kb
"C:\xampp\htdocs\cadviewer\\\content\drawings\dwg\hq17_.dwg",Conversion to SVG,0.262,8612 Kb
"C:\xampp\htdocs\cadviewer\\\content\drawings\dwg\hq17_.dwg",Conversion to SVG,0.214,9084 Kb
"C:\xampp\htdocs\cadviewer\\\content\drawings\dwg\hq17_.dwg",Conversion to SVG,0.204,9316 Kb
"C:\xampp\htdocs\cadviewer\\converters\files\1690297596.png",Output To PDF,0.07,4240 Kb
"C:\xampp\htdocs\cadviewer\\\content\drawings\dwg\hq17_.dwg",Conversion to SVG,0.502,8824 Kb
"C:\xampp\htdocs\cadviewer\\\content\drawings\dwg\hq17_.dwg",Conversion to SVG,0.478,8416 Kb
"C:\xampp\htdocs\cadviewer\\\content\drawings\dwg\hq17_.dwg",Conversion to SVG,0.258,9068 Kb
"C:\xampp\htdocs\cadviewer\\\content\drawings\dwg\hq17_.dwg",Conversion to SVG,0.396,8848 Kb
"C:\xampp\htdocs\cadviewer\\\content\drawings\dwg\hq17_.dwg",Conversion to SVG,0.405,9028 Kb
"C:\xampp\htdocs\cadviewer\\\content\drawings\dwg\hq17_.dwg",Conversion to SVG,0.387,9712 Kb
"C:\xampp\htdocs\cadviewer\\\content\drawings\dwg\hq17_.dwg",Conversion to SVG,0.407,8592 Kb
"C:\xampp\htdocs\cadviewer\\\content\drawings\dwg\Asbestos_drawing_01.dwg",Conversion to SVG,0.362,9144 Kb
"C:\xampp\htdocs\cadviewer\\\content\drawings\dwg\hq17_.dwg",Conversion to SVG,0.213,8656 Kb
"C:\xampp\htdocs\cadviewer\\\content\drawings\dwg\hq17_.dwg",Conversion to SVG,0.483,9500 Kb
"C:\xampp\htdocs\cadviewer\\\content\drawings\dwg\hq17_.dwg",Conversion to SVG,0.36,8436 Kb
"C:\xampp\htdocs\cadviewer\\\content\drawings\dwg\hq17_.dwg",Conversion to SVG,0.245,8872 Kb
"C:\xampp\htdocs\cadviewer\\\content\drawings\dwg\hq17_.dwg",Conversion to SVG,0.192,9272 Kb
"C:\xampp\htdocs\cadviewer\\\content\drawings\dwg\hq17_.dwg",Conversion to SVG,0.199,9024 Kb
"C:\xampp\htdocs\cadviewer\\\content\drawings\dwg\hq17_.dwg",Conversion to SVG,0.295,9768 Kb
"C:\xampp\htdocs\cadviewer\\\content\drawings\dwg\hq17_.dwg",Conversion to SVG,0.189,8992 Kb
"C:\xampp\htdocs\cadviewer\\\content\drawings\dwg\hq17_.dwg",Conversion to SVG,0.345,9648 Kb
"C:\xampp\htdocs\cadviewer\\\content\drawings\dwg\hq17_.dwg",Conversion to SVG,0.438,8764 Kb
"C:\xampp\htdocs\cadviewer\\\content\drawings\dwg\hq17_.dwg",Conversion to SVG,0.335,9036 Kb
"C:\xampp\htdocs\cadviewer\\\content\drawings\dwg\hq17_.dwg",Conversion to SVG,0.228,9056 Kb
"C:\xampp\htdocs\cadviewer\\\content\drawings\dwg\hq17_.dwg",Conversion to SVG,0.203,9396 Kb
"C:\xampp\htdocs\cadviewer\\\content\drawings\dwg\hq17_.dwg",Output To PDF,0.122,6592 Kb
"C:\xampp\htdocs\cadviewer\\\content\drawings\dwg\hq17_.dwg",Conversion to SVG,0.195,9052 Kb
"C:\xampp\htdocs\cadviewer\\\content\drawings\dwg\hq17_.dwg",Conversion to SVG,0.192,9216 Kb
"C:\xampp\htdocs\cadviewer\\\content\drawings\dwg\hq17_.dwg",Conversion to SVG,0.359,8152 Kb
"C:\xampp\htdocs\cadviewer\\\content\drawings\dwg\hq17_.dwg",Conversion to SVG,0.214,9600 Kb
"C:\xampp\htdocs\cadviewer\\\content\drawings\dwg\hq17_.dwg",Conversion to SVG,0.277,8744 Kb
"C:\xampp\htdocs\cadviewer\\\content\drawings\dwg\hq17_.dwg",Conversion to SVG,0.195,8476 Kb
"C:\xampp\htdocs\cadviewer\\\content\drawings\dwg\hq17_.dwg",Conversion to SVG,0.213,8712 Kb
"C:\xampp\htdocs\cadviewer\\\content\drawings\dwg\hq17_.dwg",Conversion to SVG,0.189,8796 Kb
"C:\xampp\htdocs\cadviewer\\\content\drawings\dwg\hq17_.dwg",Conversion to SVG,0.443,8284 Kb
"C:\xampp\htdocs\cadviewer\\\content\drawings\dwg\hq17_.dwg",Conversion to SVG,0.243,9388 Kb
"C:\xampp\htdocs\cadviewer\\\content\drawings\dwg\hq17_.dwg",Conversion to SVG,0.342,10784 Kb
"C:\xampp\htdocs\cadviewer\\\content\drawings\dwg\hq17_.dwg",Conversion to SVG,0.234,8580 Kb
"C:\xampp\htdocs\cadviewer\\\content\drawings\dwg\hq17_.dwg",Conversion to SVG,0.224,8916 Kb
"C:\xampp\htdocs\cadviewer\\\content\drawings\dwg\hq17_.dwg",Conversion to SVG,0.221,8928 Kb
"C:\xampp\htdocs\cadviewer\\\content\drawings\dwg\hq17_.dwg",Conversion to SVG,0.262,8980 Kb
"C:\xampp\htdocs\cadviewer\\\content\drawings\dwg\hq17_.dwg",Conversion to SVG,0.221,9152 Kb
"C:\xampp\htdocs\cadviewer\\\content\drawings\dwg\hq17_.dwg",Conversion to SVG,0.252,8676 Kb
"C:\xampp\htdocs\cadviewer\\\content\drawings\dwg\hq17_.dwg",Conversion to SVG,0.221,8408 Kb
"C:\xampp\htdocs\cadviewer\\\content\drawings\dwg\hq17_.dwg",Conversion to SVG,0.412,9184 Kb
"C:\xampp\htdocs\cadviewer\\\content\drawings\dwg\hq17_.dwg",Conversion to SVG,0.247,8440 Kb
"C:\xampp\htdocs\cadviewer\\\content\drawings\dwg\hq17_.dwg",Conversion to SVG,0.245,8508 Kb
"C:\xampp\htdocs\cadviewer\\\content\drawings\dwg\hq17_.dwg",Conversion to SVG,0.223,9876 Kb
"C:\xampp\htdocs\cadviewer\\\content\drawings\dwg\hq17_.dwg",Conversion to SVG,0.289,9244 Kb
"C:\xampp\htdocs\cadviewer\\\content\drawings\dwg\hq17_.dwg",Conversion to SVG,0.491,9604 Kb
"C:\xampp\htdocs\cadviewer\\\content\drawings\dwg\hq17_.dwg",Conversion to SVG,0.513,8952 Kb
"C:\xampp\htdocs\cadviewer\\\content\drawings\dwg\hq17_.dwg",Conversion to SVG,0.303,8288 Kb
"C:\xampp\htdocs\cadviewer\\\content\drawings\dwg\hq17_.dwg",Conversion to SVG,0.5,8792 Kb
"C:\xampp\htdocs\cadviewer\\\content\drawings\dwg\hq17_.dwg",Conversion to SVG,0.218,9048 Kb
"C:\xampp\htdocs\cadviewer\\\content\drawings\dwg\hq17_.dwg",Conversion to SVG,0.183,8976 Kb
